title,author,tags,amazon-price,rating,isbn,blurb,condition,award,bestseller
Desperately Seeking Shah Rukh,Shrayana Bhattacharya,Memoir,377,4.33,978-9354891939,Maps the personal trajectories of a diverse group of Indian women united by their fandom for Shah Rukh Khan.,Good,Winner of the Raymond Crossword Book Award,FALSE
Papillon,Henri Charrière,Memoir / Autobiography,450,4.27,978-0061120084,A thrilling and iconic autobiographical account of a sensational escape from the penal colony of French Guiana.,Good,Global Bestselling Memoir,FALSE
Stranger to History: A Son's Journey,Aatish Taseer,Memoir / Travelogue,399,3.91,978-0330511155,Part memoir and part travelogue charting the author's journey across Islamic lands to explore his own identity.,Good,Highly Acclaimed Travelogue,FALSE
I Am Malala,Malala Yousafzai,Memoir,350,4.17,978-0316322409,The remarkable tale of a young Pakistani girl who stood up for education and was targeted by the Taliban.,Good,Written by the Nobel Peace Prize Laureate,FALSE
Khullam Khulla: Rishi Kapoor Uncensored,Rishi Kapoor (with Meena Iyer),Memoir,399,3.88,978-9352643806,"A candid, uninhibited look into the personal life and cinematic journey of one of Bollywood's legendary actors.",Good,Highly Popular National Bestseller,FALSE
Father Dearest: The Life and Times,Neelima Dalmia Adhar,Memoir / Biography,321,3.22,978-9386224361,"An uncompromising, intimate biography exploring the complex life of industrialist R.K. Dalmia.",Good,Critically Acclaimed Biography,FALSE
Mother Mary Comes To Me,Arundhathi Subramaniam,Memoir,399,4.4,978-1668094716,A deeply moving memoir chronicling the author's intricate and fierce relationship with her mother.,Good,Written by Sahitya Akademi Awardee,FALSE
Memoirs of a Geisha,Arthur Golden,Memoir,425,4.16,978-0679781585,"A beautifully woven historical fiction piece depicting the secret, disciplined world of a geisha in 20th-century Japan.",Good,Bestseller lists globally,FALSE
Running with Scissors,Augusten Burroughs,Memoir,599,3.73,978-0312422271,"A fiercely funny yet disturbing memoir of a boy surviving a bizarre, highly unorthodox childhood.",Good,#1 New York Times Bestseller,FALSE
Da Vinci Decoded,Michael J. Gelb,Memoir,340,3.95,978-1585424269,A self-help guide applying Leonardo da Vinci’s seven foundational geniuses to maximize creative capability.,Good,Acclaimed Spiritual & Growth Guide,FALSE
Reading Lolita in Tehran,Azar Nafisi,Memoir,499,4.01,978-0812971064,A moving memoir of an English teacher who secretly gathered female students to read forbidden Western classics in Iran.,Good,Winner of the Nonfiction Book of the Year,FALSE
Princess Sultana's Daughters,Jean Sasson,Memoir / Biography,395,4.13,978-0967112213,"Continues the striking, true struggles of a Saudi princess trying to protect her daughters in a restrictive society.",Good,International Bestselling Sequel,FALSE
Chaos Monkeys: Obscene Fortune...,Antonio García Martínez,Memoir / Business,499,3.94,978-0062458193,"An chaotic, inner look into the high-stakes, disruptive mechanics of Silicon Valley tech giants.",Good,New York Times Editor's Choice,FALSE
The Life Impossible,Matt Haig,Memoir,450,4.02,978-0593492727,"A magical, soul-stirring story about a retired teacher finding transformation and purpose in the wild landscapes of Ibiza.",Good,Instant International Hit,FALSE
Born Again on the Mountain,Arunima Sinha,Memoir / Sports,214,4.38,978-0143422839,The deeply inspiring memoir of the first female amputee to conquer Mount Everest through sheer resilience.,Good,Inspiring Account of Resilience,FALSE
A Gift of Goddess Lakshmi,Manobi Bandopadhyay,Memoir,299,4.26,978-0670089154,The groundbreaking autobiography detailing the triumphant journey of India's first transgender college principal.,Good,Groundbreaking Transgender Memoir,FALSE
Unbreakable,M.C. Mary Kom,Memoir,250,4.15,978-9351160090,The relentless personal account of a small-town girl who overcame barriers to become a global boxing champion.,Good,Autobiography of Olympic Medalist,FALSE
Follow Every Rainbow,Rashmi Bansal,Memoir,220,3.78,978-9382618416,Captures the entrepreneurial journeys of 25 women who successfully balanced their homes with thriving businesses.,Good,National Bestselling Compilation,FALSE
Stay Hungry Stay Foolish,Rashmi Bansal,Memoir,195,3.67,978-8190455657,Shares the inspiring success strategies of 25 top IIM-Ahmedabad graduates who chose the path of entrepreneurship.,Good,Bestselling Business Entrepreneur Book,FALSE
An Autobiography: The Story of...,M.K. Gandhi,Memoir / History,150,4.14,978-0486245935,A foundational spiritual and political document charting Mahatma Gandhi's personal experiments with truth.,Good,Designated as One of 100 Best Spiritual Books,FALSE
Who Was Marie Curie?,Megan Stine,Memoir,275,4.27,978-0448478968,"An accessible, illustrative history book summarizing the life and Nobel prize-winning physics triumphs of Marie Curie.",Good,Part of the Globally Popular History Series,FALSE
Hot Seat: What I Learned Led,Jeff Immelt,Memoir / Business,599,3.51,978-1541674448,"A raw account of leading GE through historic crises, offering crucial lessons in crisis management.",Good,Axiom Business Book Award Winner,FALSE
In the Shadow of the Mahatma,G.D. Birla,Memoir / History,450,4.1,978-0853457008,A personal and historical memoir detailing the close relationship between the industrialist and Mahatma Gandhi.,Good,Historically Vital Account,FALSE
Richard Branson: Business Stripped Bare,Richard Branson,Memoir / Self-help,499,3.89,978-1846684784,"A revealing look at the billionaire's philosophies on business, life, leadership, and disruptive innovation.",Good,Global Business Leader Insight,FALSE
Steve Jobs,Walter Isaacson,Memoir / Biography,550,4.17,978-1451648539,"The definitive, bestselling biography detailing the brilliant and volatile life of Apple's co-founder.",Good,Winner of the Goodreads Choice Award,FALSE
Open,Andre Agassi,Memoir / Sports,450,4.3,978-0307388407,"A captivating, intensely personal look into the high-pressure life and career of the tennis legend.",Good,Winner of the ITWA Best Memoir,FALSE
Playing It My Way,Sachin Tendulkar,Memoir / Sports,499,4.1,978-1473605206,The record-breaking autobiography detailing the iconic journey of cricket's most celebrated batsman.,Good,Broke Limca Book of Records for Sales,FALSE
Too Big to Fail,Andrew Ross Sorkin,Memoir,599,4.18,978-0143119678,"A gripping, fly-on-the-wall account of the dramatic financial crisis of 2008 and the global economic collapse.",Good,Winner of the Gerald Loeb Award,FALSE